{
  "predicted_class": 6,
  "score_vector": [
    0.10799998044967651,
    0.1470000147819519,
    -0.019999980926513672,
    -0.17499998211860657,
    -0.1679999828338623,
    0.006999969482421875,
    0.6159999966621399,
    -0.0480000376701355,
    -0.203000009059906,
    -0.242000013589859
  ],
  "per_class_before": {
    "0": 0.6909999847412109,
    "1": 0.7110000252723694,
    "2": 0.40700000524520874,
    "3": 0.25200000405311584,
    "4": 0.36000001430511475,
    "5": 0.6759999990463257,
    "6": 0.6159999966621399,
    "7": 0.5149999856948853,
    "8": 0.6079999804496765,
    "9": 0.4690000116825104
  },
  "per_class_after": {
    "0": 0.5830000042915344,
    "1": 0.5640000104904175,
    "2": 0.4269999861717224,
    "3": 0.4269999861717224,
    "4": 0.527999997138977,
    "5": 0.6690000295639038,
    "6": 0.0,
    "7": 0.5630000233650208,
    "8": 0.8109999895095825,
    "9": 0.7110000252723694
  },
  "ground_truth": 6,
  "gradient_delta_norms": {
    "classifier.1.weight": 1.3201957941055298,
    "classifier.1.bias": 0.1582975685596466,
    "classifier.4.weight": 0.839893102645874,
    "classifier.4.bias": 0.14053674042224884
  }
}