{
  "predicted_class": 0,
  "score_vector": [
    0.7460000514984131,
    -0.30300000309944153,
    -0.11400000005960464,
    0.0,
    -0.009999999776482582,
    -0.004999999888241291,
    -0.21899999678134918,
    -0.3659999966621399,
    0.0,
    0.27399998903274536
  ],
  "per_class_before": {
    "0": 0.7480000257492065,
    "1": 0.0,
    "2": 0.0,
    "3": 0.0,
    "4": 0.0,
    "5": 0.0,
    "6": 0.0,
    "7": 0.0,
    "8": 0.0,
    "9": 0.27399998903274536
  },
  "per_class_after": {
    "0": 0.0020000000949949026,
    "1": 0.30300000309944153,
    "2": 0.11400000005960464,
    "3": 0.0,
    "4": 0.009999999776482582,
    "5": 0.004999999888241291,
    "6": 0.21899999678134918,
    "7": 0.3659999966621399,
    "8": 0.0,
    "9": 0.0
  },
  "ground_truth": 5,
  "gradient_delta_norms": {
    "classifier.1.weight": 627.361083984375,
    "classifier.1.bias": 9.666325569152832,
    "classifier.4.weight": 220.77110290527344,
    "classifier.4.bias": 0.8624790906906128
  }
}