{
  "predicted_class": 67,
  "score_vector": [
    -0.04999998211860657,
    -0.030000001192092896,
    0.03999999165534973,
    -0.009999999776482582,
    0.019999999552965164,
    -0.009999990463256836,
    0.0,
    0.0,
    -0.0599999725818634,
    -0.1300000101327896,
    0.0,
    -0.019999999552965164,
    -0.03999999165534973,
    0.02000001072883606,
    -0.10999999940395355,
    -0.01000000536441803,
    -0.020000003278255463,
    -0.04999995231628418,
    -0.03999999165534973,
    -0.009999999776482582,
    0.009999990463256836,
    0.050000011920928955,
    -0.009999999776482582,
    -0.019999980926513672,
    0.0,
    -0.009999997913837433,
    0.01000000536441803,
    -0.030000001192092896,
    0.0,
    -0.04999999701976776,
    -0.07000000774860382,
    -0.009999990463256836,
    -0.009999999776482582,
    -0.07999999821186066,
    0.0,
    0.01000000536441803,
    0.04999998211860657,
    -0.020000003278255463,
    0.009999997913837433,
    -0.019999999552965164,
    -0.009999999776482582,
    -0.13999998569488525,
    -0.09000000357627869,
    -0.009999990463256836,
    -0.019999999552965164,
    0.009999997913837433,
    -0.0299999937415123,
    -0.030000001192092896,
    -0.09999999403953552,
    -0.050000011920928955,
    0.0,
    -0.019999999552965164,
    0.009999990463256836,
    0.009999990463256836,
    -0.009999990463256836,
    0.009999999776482582,
    -0.06999999284744263,
    -0.02000001072883606,
    -0.01000000536441803,
    0.0,
    0.019999980926513672,
    0.010000020265579224,
    -0.009999990463256836,
    0.050000011920928955,
    0.019999999552965164,
    0.009999997913837433,
    -0.030000001192092896,
    0.12999999523162842,
    0.03999999165534973,
    -0.019999995827674866,
    -0.04999998211860657,
    -0.009999990463256836,
    -0.009999999776482582,
    0.04999998211860657,
    -0.05000000074505806,
    -0.04999999701976776,
    -0.02000001072883606,
    0.010000001639127731,
    -0.03999999910593033,
    0.019999999552965164,
    -0.010000001639127731,
    -0.04000002145767212,
    0.009999990463256836,
    -0.04000000283122063,
    -0.0299999937415123,
    -0.050000011920928955,
    -0.030000001192092896,
    0.009999990463256836,
    -0.050000011920928955,
    -0.17000000178813934,
    -0.029999997466802597,
    -0.019999999552965164,
    0.0,
    -0.019999999552965164,
    -0.019999980926513672,
    -0.019999980926513672,
    -0.010000020265579224,
    0.0,
    -0.030000008642673492,
    -0.019999999552965164
  ],
  "per_class_before": {
    "0": 0.46000000834465027,
    "1": 0.2199999988079071,
    "2": 0.1899999976158142,
    "3": 0.029999999329447746,
    "4": 0.019999999552965164,
    "5": 0.15000000596046448,
    "6": 0.12999999523162842,
    "7": 0.009999999776482582,
    "8": 0.33000001311302185,
    "9": 0.14000000059604645,
    "10": 0.0,
    "11": 0.05999999865889549,
    "12": 0.2199999988079071,
    "13": 0.27000001072883606,
    "14": 0.07999999821186066,
    "15": 0.14000000059604645,
    "16": 0.07000000029802322,
    "17": 0.6000000238418579,
    "18": 0.20000000298023224,
    "19": 0.0,
    "20": 0.44999998807907104,
    "21": 0.550000011920929,
    "22": 0.0,
    "23": 0.5600000023841858,
    "24": 0.4300000071525574,
    "25": 0.05000000074505806,
    "26": 0.14000000059604645,
    "27": 0.2199999988079071,
    "28": 0.03999999910593033,
    "29": 0.07999999821186066,
    "30": 0.20999999344348907,
    "31": 0.23000000417232513,
    "32": 0.019999999552965164,
    "33": 0.14000000059604645,
    "34": 0.0,
    "35": 0.09000000357627869,
    "36": 0.4099999964237213,
    "37": 0.07000000029802322,
    "38": 0.05999999865889549,
    "39": 0.03999999910593033,
    "40": 0.0,
    "41": 0.3100000023841858,
    "42": 0.28999999165534973,
    "43": 0.46000000834465027,
    "44": 0.019999999552965164,
    "45": 0.10999999940395355,
    "46": 0.10000000149011612,
    "47": 0.3199999928474426,
    "48": 0.3799999952316284,
    "49": 0.4399999976158142,
    "50": 0.0,
    "51": 0.05999999865889549,
    "52": 0.7599999904632568,
    "53": 0.7400000095367432,
    "54": 0.5,
    "55": 0.009999999776482582,
    "56": 0.09000000357627869,
    "57": 0.2800000011920929,
    "58": 0.20999999344348907,
    "59": 0.05999999865889549,
    "60": 0.7400000095367432,
    "61": 0.30000001192092896,
    "62": 0.4099999964237213,
    "63": 0.3700000047683716,
    "64": 0.07999999821186066,
    "65": 0.05999999865889549,
    "66": 0.019999999552965164,
    "67": 0.38999998569488525,
    "68": 0.5,
    "69": 0.2199999988079071,
    "70": 0.33000001311302185,
    "71": 0.6200000047683716,
    "72": 0.009999999776482582,
    "73": 0.5099999904632568,
    "74": 0.0,
    "75": 0.23000000417232513,
    "76": 0.38999998569488525,
    "77": 0.05000000074505806,
    "78": 0.03999999910593033,
    "79": 0.07999999821186066,
    "80": 0.05999999865889549,
    "81": 0.25999999046325684,
    "82": 0.6200000047683716,
    "83": 0.05000000074505806,
    "84": 0.09000000357627869,
    "85": 0.3100000023841858,
    "86": 0.1899999976158142,
    "87": 0.4699999988079071,
    "88": 0.28999999165534973,
    "89": 0.14000000059604645,
    "90": 0.05000000074505806,
    "91": 0.009999999776482582,
    "92": 0.07000000029802322,
    "93": 0.05000000074505806,
    "94": 0.6800000071525574,
    "95": 0.27000001072883606,
    "96": 0.28999999165534973,
    "97": 0.3199999928474426,
    "98": 0.11999999731779099,
    "99": 0.0
  },
  "per_class_after": {
    "0": 0.5099999904632568,
    "1": 0.25,
    "2": 0.15000000596046448,
    "3": 0.03999999910593033,
    "4": 0.0,
    "5": 0.1599999964237213,
    "6": 0.12999999523162842,
    "7": 0.009999999776482582,
    "8": 0.38999998569488525,
    "9": 0.27000001072883606,
    "10": 0.0,
    "11": 0.07999999821186066,
    "12": 0.25999999046325684,
    "13": 0.25,
    "14": 0.1899999976158142,
    "15": 0.15000000596046448,
    "16": 0.09000000357627869,
    "17": 0.6499999761581421,
    "18": 0.23999999463558197,
    "19": 0.009999999776482582,
    "20": 0.4399999976158142,
    "21": 0.5,
    "22": 0.009999999776482582,
    "23": 0.5799999833106995,
    "24": 0.4300000071525574,
    "25": 0.05999999865889549,
    "26": 0.12999999523162842,
    "27": 0.25,
    "28": 0.03999999910593033,
    "29": 0.12999999523162842,
    "30": 0.2800000011920929,
    "31": 0.23999999463558197,
    "32": 0.029999999329447746,
    "33": 0.2199999988079071,
    "34": 0.0,
    "35": 0.07999999821186066,
    "36": 0.36000001430511475,
    "37": 0.09000000357627869,
    "38": 0.05000000074505806,
    "39": 0.05999999865889549,
    "40": 0.009999999776482582,
    "41": 0.44999998807907104,
    "42": 0.3799999952316284,
    "43": 0.4699999988079071,
    "44": 0.03999999910593033,
    "45": 0.10000000149011612,
    "46": 0.12999999523162842,
    "47": 0.3499999940395355,
    "48": 0.47999998927116394,
    "49": 0.49000000953674316,
    "50": 0.0,
    "51": 0.07999999821186066,
    "52": 0.75,
    "53": 0.7300000190734863,
    "54": 0.5099999904632568,
    "55": 0.0,
    "56": 0.1599999964237213,
    "57": 0.30000001192092896,
    "58": 0.2199999988079071,
    "59": 0.05999999865889549,
    "60": 0.7200000286102295,
    "61": 0.28999999165534973,
    "62": 0.41999998688697815,
    "63": 0.3199999928474426,
    "64": 0.05999999865889549,
    "65": 0.05000000074505806,
    "66": 0.05000000074505806,
    "67": 0.25999999046325684,
    "68": 0.46000000834465027,
    "69": 0.23999999463558197,
    "70": 0.3799999952316284,
    "71": 0.6299999952316284,
    "72": 0.019999999552965164,
    "73": 0.46000000834465027,
    "74": 0.05000000074505806,
    "75": 0.2800000011920929,
    "76": 0.4099999964237213,
    "77": 0.03999999910593033,
    "78": 0.07999999821186066,
    "79": 0.05999999865889549,
    "80": 0.07000000029802322,
    "81": 0.30000001192092896,
    "82": 0.6100000143051147,
    "83": 0.09000000357627869,
    "84": 0.11999999731779099,
    "85": 0.36000001430511475,
    "86": 0.2199999988079071,